FID,OBJECTID,WWD_NO,PWSID,PWS_NAME,SRC_DELIN,ZONE,PERIM_FT,ACRES,HECTARES,MILES_SQ,LAST_UPDAT,LOAD_DATE,STATUS,UPDATED_BY,Shapearea,Shapelen
1,426,9003,0562410,CEDAR RIDGE PRESBYTERIAN CAMP,SMALL RESERVOIR,1,5338.252,33.221,13.445,0.052,2004-09-27T00:00:00.000Z,2004-09-27T00:00:00.000Z,INACTIVE,DOW 2019,1446924.82828195,5338.2520165555,,
2,366,1221,0152087,JIM BEAM BRANDS CO,SMALL RESERVOIR,1,9083.74,130.875,52.965,0.204,2004-09-27T00:00:00.000Z,2004-09-27T00:00:00.000Z,INACTIVE,DOW 2019,5700151.02941141,9083.73965217422,,
3,434,9007,0482399,KINGDOM COME STATE PARK,SMALL RESERVOIR,1,9762.622,129.403,52.369,0.202,2004-09-27T00:00:00.000Z,2004-09-27T00:00:00.000Z,ACTIVE,DOW 2019,5636001.85251871,9762.62211017368,,
4,433,9006,0082026,BIG BONE LICK STATE PARK #1,SMALL RESERVOIR,1,9766.4,117.224,47.441,0.183,2004-09-27T00:00:00.000Z,2004-09-27T00:00:00.000Z,INACTIVE,DOW 2019,5105588.14081747,9766.39994976325,,
5,392,1382,0510188,HENDERSON MUN WATER/SWR UTIL - SOUTH,SMALL RESERVOIR,1,10592.918,169.017,68.401,0.264,2019-02-08T00:00:00.000Z,2004-09-27T00:00:00.000Z,ACTIVE,DOW 2019,7361387.6557869,10592.9174381065,,
6,422,9001,0273358,TROOPER ISLAND CAMP INC,LARGE RESERVOIR,1,12505.194,120.176,48.635,0.188,2004-09-27T00:00:00.000Z,2004-09-27T00:00:00.000Z,INACTIVE,DOW 2019,5234128.56746235,12505.1938404101,,
7,365,1220,0152087,JIM BEAM/PLT #1,SMALL RESERVOIR,1,13622.913,232.23,93.984,0.363,2004-09-27T00:00:00.000Z,2004-09-27T00:00:00.000Z,INACTIVE,DOW 2019,10114555.3614082,13622.9125232395,,
8,183,0488,0910065,CARLISLE WATER DEPARTMENT,SMALL RESERVOIR,1,13820.853,217.529,88.034,0.34,2004-09-27T00:00:00.000Z,2004-09-27T00:00:00.000Z,ACTIVE,DOW 2019,9474263.61484933,13820.853359837,,
9,83,0159,1170361,PROVIDENCE WATER WORKS,SMALL RESERVOIR,1,14027.899,254.608,103.04,0.398,2004-09-27T00:00:00.000Z,2004-09-27T00:00:00.000Z,ACTIVE,DOW 2019,11089205.0390867,14027.8985089223,,
10,226,0639,0050929,GLASGOW WATER COMPANY,LARGE RESERVOIR,1,14761.7199395,335.003,135.576,0.523,2019-02-08T00:00:00.000Z,2004-09-27T00:00:00.000Z,ACTIVE,DOW 2019,14590704.614927,14761.7199394799,,
11,231,0643,0430244,LEITCHFIELD WATER WORKS,LARGE RESERVOIR,1,14903.712,261.999,106.031,0.409,2019-02-08T00:00:00.000Z,2004-09-27T00:00:00.000Z,ACTIVE,DOW 2019,11411104.6416782,14903.7116232873,,
12,299,0874,0940337,OWENTON CITY WATER WORKS,SMALL RESERVOIR,1,14982.931,239.628,96.978,0.374,2019-01-07T00:00:00.000Z,2004-09-27T00:00:00.000Z,INACTIVE,DOW 2019,10436772.904959,14982.9313761882,,
13,287,0803,0700162,GRAND RIVERS WATER SYSTEM,LARGE RESERVOIR,1,16676.15,236.331,95.643,0.369,2019-01-23T00:00:00.000Z,2004-09-27T00:00:00.000Z,INACTIVE,DOW 2019,10293166.9713433,16676.149801691,,
14,425,9002,0293313,HENDRICKS CREEK RESORT,SMALL RESERVOIR,1,16745.833,346.547,140.248,0.541,2004-09-27T00:00:00.000Z,2004-09-27T00:00:00.000Z,INACTIVE,DOW 2019,15093531.930132,16745.8327446105,,
15,10,0014,0110664,NORTH POINT TRAINING CENTER,LARGE RESERVOIR,1,16891.017,411.975,166.726,0.644,2004-09-27T00:00:00.000Z,2004-09-27T00:00:00.000Z,INACTIVE,DOW 2019,17943178.7211408,16891.0169240727,,
16,195,0519,0170360,PRINCETON WATER/SEWER COMM,LARGE RESERVOIR,1,16928.364,346.906,140.393,0.542,2019-02-07T00:00:00.000Z,2004-09-27T00:00:00.000Z,ACTIVE,DOW 2019,15109156.649673,16928.3638042422,,
17,306,0922,1000973,WOODSON BEND PROP OWNERS ASSOC,LARGE RESERVOIR,1,17842.496,450.068,182.142,0.703,2004-09-27T00:00:00.000Z,2004-09-27T00:00:00.000Z,ACTIVE,DOW 2019,19602245.0537537,17842.4959082405,,
18,374,1279,0430245,EDMONSON CO WATER DIST/WAX,LARGE RESERVOIR,1,18589.168,485.455,196.464,0.758,2004-09-27T00:00:00.000Z,2004-09-27T00:00:00.000Z,ACTIVE,DOW 2019,21143523.2950222,18589.1678480902,,
19,370,1240,0780241,LEBANON WATER WORKS CO INC,SMALL RESERVOIR,1,19626.458,462.447,187.152,0.722,2004-09-27T00:00:00.000Z,2004-09-27T00:00:00.000Z,ACTIVE,DOW 2019,20141410.3593261,19626.4573641531,,
20,161,0387,1030480,MOREHEAD STATE UNIVERSITY,SMALL RESERVOIR,1,21114.297,472.982,191.416,0.739,2004-09-27T00:00:00.000Z,2004-09-27T00:00:00.000Z,ACTIVE,DOW 2019,20600262.5964441,21114.2964610948,,
21,405,1444,0940119,ELK LAKE WATER COMPANY,SMALL RESERVOIR,1,21118.067,573.613,232.141,0.896,2019-01-07T00:00:00.000Z,2004-09-27T00:00:00.000Z,INACTIVE,DOW 2019,24983158.8981261,21118.067193345,,
22,155,0340,0890170,GREENVILLE UTILITIES COMM,SMALL RESERVOIR,1,21343.617,689.169,278.907,1.076,2019-02-07T00:00:00.000Z,2004-09-27T00:00:00.000Z,ACTIVE,DOW 2019,30016090.301813,21343.617279655,,
23,48,0053,1000050,BURNSIDE WATER COMPANY,LARGE RESERVOIR,1,21601.355,535.004,216.516,0.836,2004-09-27T00:00:00.000Z,2004-09-27T00:00:00.000Z,ACTIVE,DOW 2019,23301579.5025232,21601.3557977264,,
24,245,0664,1090060,CAMPBELLSVILLE MUN WATER SYS,LARGE RESERVOIR,1,21954.763,640.534,259.224,1.001,2019-02-13T00:00:00.000Z,2004-09-27T00:00:00.000Z,ACTIVE,DOW 2019,27897817.2789676,21954.7631450074,,
25,131,0265,0350134,FLEMINGSBURG UTILITY SYSTEM,SMALL RESERVOIR,1,22323.317,556.747,225.316,0.87,2004-09-27T00:00:00.000Z,2004-09-27T00:00:00.000Z,ACTIVE,DOW 2019,24248565.8814364,22323.3169466687,,
26,344,1076,0760030,BEREA COLLEGE WATER DEPARTMENT,SMALL RESERVOIR,1,23058.905,610.944,247.249,0.954,2004-09-27T00:00:00.000Z,2004-09-27T00:00:00.000Z,ACTIVE,DOW 2019,26609076.5370663,23058.9053877283,,
27,430,1629,0600062,KNOTT CO WATER AND SEWER DIST,LARGE RESERVOIR,1,23102.409,620.479,251.108,0.969,2019-01-09T00:00:00.000Z,2004-09-27T00:00:00.000Z,ACTIVE,DOW 2019,27024352.3453723,23102.4085671629,,
28,285,0792,0920136,FORDSVILLE WATER DIST,SMALL RESERVOIR,1,23372.51,405.812,164.232,0.634,2019-01-23T00:00:00.000Z,2004-09-27T00:00:00.000Z,INACTIVE,DOW 2019,17674751.639823,23372.5100039055,,
29,132,0267,0690417,STANFORD WATER WORKS,SMALL RESERVOIR,1,24049.812,584.942,236.726,0.914,2004-09-27T00:00:00.000Z,2004-09-27T00:00:00.000Z,ACTIVE,DOW 2019,25476551.1005764,24049.8130331742,,
30,419,1502,0430616,GRAYSON COUNTY WATER DISTRICT,LARGE RESERVOIR,1,24080.665,804.114,325.425,1.256,2019-02-08T00:00:00.000Z,2004-09-27T00:00:00.000Z,ACTIVE,DOW 2019,35022377.0544786,24080.6649821523,,
31,229,0640,1190061,CAMPTON WATER PLANT,SMALL RESERVOIR,1,24203.465,717.279,290.283,1.12,2004-09-27T00:00:00.000Z,2004-09-27T00:00:00.000Z,ACTIVE,DOW 2019,31240356.3723769,24203.4646906201,,
32,389,1365,0010082,COLUMBIA UTILITIES COMMISSION,LARGE RESERVOIR,1,24368.792,681.544,275.821,1.065,2019-01-23T00:00:00.000Z,2004-09-27T00:00:00.000Z,INACTIVE,DOW 2019,29683975.8083496,24368.7923886763,,
33,184,0490,0220335,OLIVE HILL MUN WATER WORKS,SMALL RESERVOIR,1,24436.0290971,669.9745199,271.12906887,1.04683519,2019-01-10T00:00:00.000Z,2004-09-27T00:00:00.000Z,ACTIVE,DOW 2019,29183973.1662502,24436.0292577008,,
34,54,0068,0760030,BEREA COLLEGE WATER DEPARTMENT,SMALL RESERVOIR,1,24570.056,697.937,282.455,1.09,2004-09-27T00:00:00.000Z,2004-09-27T00:00:00.000Z,ACTIVE,DOW 2019,30397970.8917866,24570.0569119818,,
35,13,0015,1000403,SOMERSET WATER SERVICE,LARGE RESERVOIR,1,24740.505,671.493,271.753,1.049,2004-09-27T00:00:00.000Z,2004-09-27T00:00:00.000Z,ACTIVE,DOW 2019,29246215.0752299,24740.5045941653,,
36,200,0553,0722877,KUTTAWA WATER DEPARTMENT,LARGE RESERVOIR,1,25350.501,538.298,217.849,0.841,2004-09-27T00:00:00.000Z,2004-09-27T00:00:00.000Z,ACTIVE,DOW 2019,23445036.3133796,25350.5008124749,,
37,348,1108,0690417,STANFORD WATER WORKS,SMALL RESERVOIR,1,25943.549,761.709,308.264,1.19,2004-09-27T00:00:00.000Z,2004-09-27T00:00:00.000Z,ACTIVE,DOW 2019,33175481.0130924,25943.5493229425,,
38,239,0654,1040210,JAMESTOWN MUN WATER WORKS,LARGE RESERVOIR,1,26137.864,547.441,221.549,0.855,2004-09-27T00:00:00.000Z,2004-09-27T00:00:00.000Z,ACTIVE,DOW 2019,23843255.980857,26137.8639307511,,
39,72,0125,1160291,MONTICELLO WATER/SEWER COMM,LARGE RESERVOIR,1,26567.997,992.164,401.529,1.55,2004-09-27T00:00:00.000Z,2004-09-27T00:00:00.000Z,ACTIVE,DOW 2019,43212730.4052287,26567.9968161864,,
40,203,0621,0550784,MCKEE WATER WORKS,SMALL RESERVOIR,1,27482.096,755.248,305.649,1.18,2004-09-27T00:00:00.000Z,2004-09-27T00:00:00.000Z,ACTIVE,DOW 2019,32894077.8379314,27482.0966403463,,
41,251,0683,0800273,MARTIN CO WATER DIST #1,SMALL RESERVOIR,1,27694.7149603,864.10512101,349.69093586,1.35016425,2019-01-24T00:00:00.000Z,2004-09-27T00:00:00.000Z,ACTIVE,DOW 2019,37640268.7710059,27694.7149262739,,
42,252,0686,0550209,JACKSON CO WATER ASSOCIATION,SMALL RESERVOIR,1,28280.813,670.522,271.36,1.047,2004-09-27T00:00:00.000Z,2004-09-27T00:00:00.000Z,ACTIVE,DOW 2019,29203935.8180588,28280.8122801073,,
43,180,0478,0280267,MARION WATER DEPARTMENT,SMALL RESERVOIR,1,29231.75,827.864,335.037,1.293,2019-02-07T00:00:00.000Z,2004-09-27T00:00:00.000Z,ACTIVE,DOW 2019,36056803.7752442,29231.7497876344,,
44,133,0268,0720113,EDDYVILLE WATER DEPARTMENT,LARGE RESERVOIR,1,31944.3698957,1411.27909728,571.12438786,2.20512359,2019-01-31T00:00:00.000Z,2004-09-27T00:00:00.000Z,ACTIVE,DOW 2019,61475071.6249662,31944.3697169245,,
45,58,0072,0980120,ELKHORN CITY WATER DEPT,STREAM,1,32740.597,947.438,383.428,1.48,2004-09-27T00:00:00.000Z,2004-09-27T00:00:00.000Z,INACTIVE,DOW 2019,41264717.0499257,32740.5967590191,,
46,26,0028,0720552,KENTUCKY STATE PENITENTIARY,LARGE RESERVOIR,1,32983.251,1367.505,553.429,2.136,2004-09-27T00:00:00.000Z,2004-09-27T00:00:00.000Z,ACTIVE,DOW 2019,59560319.403616,32983.2514213403,,
47,101,0213,0110097,DANVILLE CITY WATER WORKS,LARGE RESERVOIR,1,33069.922,1266.403,512.513,1.978,2004-09-27T00:00:00.000Z,2004-09-27T00:00:00.000Z,ACTIVE,DOW 2019,55156914.5939716,33069.921710009,,
48,367,1236,0020386,SCOTTSVILLE WATER DEPT,LARGE RESERVOIR,1,33210.972,1230.792,498.101,1.922,2019-02-08T00:00:00.000Z,2004-09-27T00:00:00.000Z,ACTIVE,DOW 2019,53605915.0880563,33210.9710428053,,
49,91,0196,0630255,LONDON UTILITY COMMISSION,SMALL RESERVOIR,1,34533.536,1287.786,521.167,2.012,2004-09-27T00:00:00.000Z,2004-09-27T00:00:00.000Z,ACTIVE,DOW 2019,56088254.2722279,34533.5349638079,,
50,56,0071,0100011,ASHLAND WATER WORKS,STREAM,1,35056.292,1229.507,497.581,1.92,2004-09-27T00:00:00.000Z,2004-09-27T00:00:00.000Z,ACTIVE,DOW 2019,53549950.5473324,35056.291445911,,
51,137,0269,0450376,RUSSELL WATER COMPANY,STREAM,1,35056.292,1229.507,497.581,1.92,2004-09-27T00:00:00.000Z,2004-09-27T00:00:00.000Z,ACTIVE,DOW 2019,53549950.5473324,35056.291445911,,
52,154,0333,0410472,WILLIAMSTOWN MUN WATER DEPT,SMALL RESERVOIR,1,35553.0436591,1444.80560822,584.69208547,2.25750876,2019-02-05T00:00:00.000Z,2004-09-27T00:00:00.000Z,ACTIVE,DOW 2019,62935480.5773812,35553.0435899684,,
53,337,1061,0990281,BEECH FORK WATER COMMISSION,SMALL RESERVOIR,1,35554.125,1236.005,500.211,1.931,2004-09-27T00:00:00.000Z,2004-09-27T00:00:00.000Z,ACTIVE,DOW 2019,53832961.9157804,35554.1249675925,,
54,171,0418,0260737,MANCHESTER WATER WORKS,SMALL RESERVOIR,1,36560.788,1273.278,515.296,1.989,2004-09-27T00:00:00.000Z,2004-09-27T00:00:00.000Z,ACTIVE,DOW 2019,55456354.2337231,36560.7874557698,,
55,352,1125,0470175,HARDIN COUNTY WATER DIST #2,STREAM,1,38652.121,1398.027,565.782,2.184,2019-02-13T00:00:00.000Z,2004-09-27T00:00:00.000Z,ACTIVE,DOW 2019,60889691.1145708,38652.1206328891,,
56,383,1327,0240201,HOPKINSVILLE WATER ENV AUTH,STREAM,1,38870.827,1103.156,446.447,1.723,2004-09-27T00:00:00.000Z,2004-09-27T00:00:00.000Z,ACTIVE,DOW 2019,48046878.3979801,38870.8284255384,,
57,345,1077,0760030,BEREA COLLEGE WATER DEPARTMENT,SMALL RESERVOIR,1,38914.149,1552.178,628.167,2.425,2004-09-27T00:00:00.000Z,2004-09-27T00:00:00.000Z,ACTIVE,DOW 2019,67603589.8877256,38914.1483388429,,
58,319,0953,0610016,BARBOURVILLE WATER & ELECTRIC,SMALL RESERVOIR,1,39401.38,1693.131,685.21,2.645,2004-09-27T00:00:00.000Z,2004-09-27T00:00:00.000Z,ACTIVE,DOW 2019,73742654.8796716,39401.3788038062,,
59,295,0833,0230987,LIBERTY WATER WORKS,SMALL RESERVOIR,1,41462.295,1281.074,518.451,2.001,2019-02-13T00:00:00.000Z,2004-09-27T00:00:00.000Z,ACTIVE,DOW 2019,55795902.6398226,41462.2930066267,,
60,3,0008,0070282,U.S. UTILITIES/MIDDLESBORO,SMALL RESERVOIR,1,42490.091,809.948,327.786,1.265,2019-01-16T00:00:00.000Z,2004-09-27T00:00:00.000Z,ACTIVE,DOW 2019,35276501.1197687,42490.0909606861,,
61,181,1578,1150415,SPRINGFIELD WATER WORKS,SMALL RESERVOIR,1,42933.4215485,1875.58319237,759.02158878,2.93059874,2019-01-28T00:00:00.000Z,2004-09-27T00:00:00.000Z,ACTIVE,DOW 2019,81700076.9980099,42933.4216333799,,
62,341,1073,1170361,PROVIDENCE WATER WORKS,STREAM,1,43057.728,1453.081,588.062,2.27,2004-09-27T00:00:00.000Z,2004-09-27T00:00:00.000Z,ACTIVE,DOW 2019,63287488.5434384,43057.7283984106,,
63,220,0637,1030292,MOREHEAD UTILITY PLANT BOARD,STREAM,1,44066.313,1297.752,525.2,2.027,2004-09-27T00:00:00.000Z,2004-09-27T00:00:00.000Z,ACTIVE,DOW 2019,56522279.6679719,44066.3134460416,,
64,160,0376,0540108,EARLINGTON WATER/SEWER SYSTEM,SMALL RESERVOIR,1,46102.067,2497.287,1010.652,3.901,2019-01-23T00:00:00.000Z,2004-09-27T00:00:00.000Z,INACTIVE,DOW 2019,108766857.807698,46102.0671966625,,
65,188,0498,0740276,MCCREARY COUNTY WATER DIST,SMALL RESERVOIR,1,46310.725,2332.232,943.854,3.643,2019-01-16T00:00:00.000Z,2004-09-27T00:00:00.000Z,ACTIVE,DOW 2019,101578053.669021,46310.7240441941,,
66,286,0794,0670213,JENKINS WATER SYSTEM,SMALL RESERVOIR,1,47599.988438,1708.73790652,691.50169712,2.66990298,2004-09-27T00:00:00.000Z,2004-09-27T00:00:00.000Z,ACTIVE,DOW 2019,74432325.4777259,47599.9884379615,,
67,122,0256,0490096,CYNTHIANA MUN WATER WORKS,STREAM,1,48488.732,1600.14,647.577,2.499,2004-09-27T00:00:00.000Z,2004-09-27T00:00:00.000Z,ACTIVE,DOW 2019,69692503.9741083,48488.7310272336,,
68,96,0207,0140966,HARDINSBURG/ROUGH RIVER PLANT,STREAM,1,48603.249,1430.827,579.056,2.235,2019-01-23T00:00:00.000Z,2004-09-27T00:00:00.000Z,INACTIVE,DOW 2019,62318252.3889744,48603.2476560939,,
69,267,0749,0060338,OWINGSVILLE WATER WORKS,STREAM,1,49066.282,1487.196,601.868,2.323,2004-09-27T00:00:00.000Z,2004-09-27T00:00:00.000Z,INACTIVE,DOW 2019,64773349.4385519,49066.2809575959,,
70,29,0034,0010082,COLUMBIA UTILITIES COMMISSION,STREAM,1,49166.492,1684.764,681.824,2.632,2019-01-23T00:00:00.000Z,2004-09-27T00:00:00.000Z,INACTIVE,DOW 2019,73378220.6613735,49166.4907146254,,
71,402,1438,0240329,OAK GROVE WATER DEPARTMENT,STREAM,1,49733.303,1615.713,653.879,2.524,2019-01-23T00:00:00.000Z,2004-09-27T00:00:00.000Z,INACTIVE,DOW 2019,70370765.3430535,49733.302915595,,
72,156,0353,0670466,US FILTER OPERATION/WHITESBURG,STREAM,1,50126.736,1474.437,596.704,2.303,2004-09-27T00:00:00.000Z,2004-09-27T00:00:00.000Z,ACTIVE,DOW 2019,64217621.1046411,50126.735465184,,
73,274,0761,0480092,CUMBERLAND MUN WATER WORKS,STREAM,1,50394.529,1546.409,625.832,2.415,2004-09-27T00:00:00.000Z,2004-09-27T00:00:00.000Z,ACTIVE,DOW 2019,67352299.2587076,50394.5288381872,,
74,253,0690,0470118,ELIZABETHTOWN WATER DEPT,SMALL RESERVOIR,1,50974.01,3268.613,1322.808,5.106,2004-09-27T00:00:00.000Z,2004-09-27T00:00:00.000Z,INACTIVE,DOW 2019,142361194.931971,50974.0090657058,,
75,0,1723,1150415,SPRINGFIELD WATER WORKS,STREAM,1,51132.8967366,1341.87825453,543.03886324,2.09668477,2019-01-28T00:00:00.000Z,1899-12-30T00:00:00.000Z,ACTIVE,DOW 2019,58451984.5034541,51132.8968937796,,
76,234,0648,1110019,BARKLEY LAKE WATER DISTRICT,LARGE RESERVOIR,1,51302.9232499,1569.23863938,635.04834661,2.45193537,2019-01-25T00:00:00.000Z,2004-09-27T00:00:00.000Z,ACTIVE,DOW 2019,68355761.759396,51302.9234219753,,
77,42,0046,0440168,GREENSBURG WATER WORKS,STREAM,1,51501.605,1527.573,618.209,2.386,2019-01-25T00:00:00.000Z,2004-09-27T00:00:00.000Z,ACTIVE,DOW 2019,66531938.4094435,51501.6047921661,,
78,99,0209,0540936,MADISONVILLE LIGHT/WATER,SMALL RESERVOIR,1,51892.851,2936.513,1188.407,4.587,2019-01-24T00:00:00.000Z,2004-09-27T00:00:00.000Z,INACTIVE,DOW 2019,127896915.048322,51892.8514947515,,
79,16,0020,1180085,CORBIN UTILITIES COMMISSION,STREAM,1,52250.812,1585.469,641.639,2.477,2004-09-27T00:00:00.000Z,2004-09-27T00:00:00.000Z,ACTIVE,DOW 2019,69053536.1876086,52250.812038737,,
80,321,1018,0490096,CYNTHIANA MUN WATER WORKS,STREAM,1,52395.214,1466.489,593.488,2.291,2004-09-27T00:00:00.000Z,2004-09-27T00:00:00.000Z,ACTIVE,DOW 2019,63871492.2657536,52395.2138709463,,
81,309,0928,1150415,SPRINGFIELD WATER WORKS,SMALL RESERVOIR,1,52514.546852,2569.76709859,1039.9478487,4.01526109,2019-01-28T00:00:00.000Z,2004-09-27T00:00:00.000Z,ACTIVE,DOW 2019,111938606.98779,52514.5466569089,,
82,320,1013,0340965,BLUE GRASS STATION,SMALL RESERVOIR,1,52736.995,2431.945,984.208,3.799,2004-09-27T00:00:00.000Z,2004-09-27T00:00:00.000Z,ACTIVE,DOW 2019,105920945.001101,52736.9937490306,,
83,116,0242,0480178,HARLAN MUNICIPAL WATER WORKS,STREAM,1,52864.727,1583.6,640.883,2.474,2004-09-27T00:00:00.000Z,2004-09-27T00:00:00.000Z,ACTIVE,DOW 2019,68972138.9440106,52864.7273921006,,
84,0,1069,0670213,JENKINS WATER SYSTEM,STREAM,1,52988.5348285,1988.62355241,804.76739948,3.1072243,2019-01-09T00:00:00.000Z,2019-01-09T00:00:00.000Z,ACTIVE,DOW 2019,86624095.5304675,52988.5351792643,,
85,22,0026,0970184,HAZARD WATER DEPARTMENT,STREAM,1,53186.669,1623.736,657.126,2.536,2004-09-27T00:00:00.000Z,2004-09-27T00:00:00.000Z,ACTIVE,DOW 2019,70720191.8430984,53186.6687963118,,
86,254,0715,0450169,GREENUP WATER SYSTEM,STREAM,1,53301.97,1740.239,704.275,2.718,2004-09-27T00:00:00.000Z,2004-09-27T00:00:00.000Z,ACTIVE,DOW 2019,75794364.5405528,53301.968727109,,
87,284,0783,0240090,HWEA-CROFTON WATER DEPT,SMALL RESERVOIR,1,53310.343,2750.875,1113.279,4.297,2019-01-23T00:00:00.000Z,2004-09-27T00:00:00.000Z,INACTIVE,DOW 2019,119811640.457671,53310.3430215293,,
88,36,0044,0050929,GLASGOW WATER COMPANY,STREAM,1,53860.030628,1585.117,641.497,2.476,2019-02-08T00:00:00.000Z,2004-09-27T00:00:00.000Z,ACTIVE,DOW 2019,69038178.19645,53860.0306280576,,
89,257,0717,0880452,WEST LIBERTY WATER COMPANY,STREAM,1,54720.756,1906.66,771.625,2.978,2004-09-27T00:00:00.000Z,2004-09-27T00:00:00.000Z,INACTIVE,DOW 2019,83042667.3876021,54720.7556876152,,
90,406,1457,0620200,HODGENVILLE WATER WORKS,SMALL RESERVOIR,1,55567.16,2549.946,1031.963,3.983,2019-02-13T00:00:00.000Z,2004-09-27T00:00:00.000Z,ACTIVE,DOW 2019,111060363.938818,55567.1600647786,,
91,32,0036,0090287,MILLERSBURG MUN WATER WORKS,STREAM,1,55720.181,2041.829,826.328,3.189,2004-09-27T00:00:00.000Z,2004-09-27T00:00:00.000Z,INACTIVE,DOW 2019,88929839.1668327,55720.1801857518,,
92,100,0210,0540936,MADISONVILLE LIGHT/WATER,SMALL RESERVOIR,1,56752.418,3473.583,1405.759,5.426,2004-09-27T00:00:00.000Z,2004-09-27T00:00:00.000Z,ACTIVE,DOW 2019,151288467.53116,56752.4192960089,,
93,77,0133,0580340,PAINTSVILLE MUN WATER WORKS,STREAM,1,57395.789,1667.359,674.78,2.604,2004-09-27T00:00:00.000Z,2004-09-27T00:00:00.000Z,INACTIVE,DOW 2019,72620180.7671923,57395.7879154087,,
94,236,0650,0660204,HYDEN LESLIE CO WATER DIST,STREAM,1,57639.107,1816.907,735.302,2.838,2004-09-27T00:00:00.000Z,2004-09-27T00:00:00.000Z,ACTIVE,DOW 2019,79133591.9795406,57639.1069377465,,
95,151,0330,0920181,HARTFORD MUNICIPAL WATER WORKS,STREAM,1,57729.077,1624.187,657.308,2.537,2019-02-08T00:00:00.000Z,2004-09-27T00:00:00.000Z,ACTIVE,DOW 2019,70739852.7961094,57729.0784671597,,
96,261,0724,0610110,KNOX COUNTY UTILITY COMMISSION,STREAM,1,58057.205,1708.358,691.372,2.668,2004-09-27T00:00:00.000Z,2004-09-27T00:00:00.000Z,ACTIVE,DOW 2019,74405821.4083315,58057.2051794266,,
97,214,0632,1070144,FRANKLIN WATER WORKS,STREAM,1,58421.99,1991.372,805.908,3.111,2004-09-27T00:00:00.000Z,2004-09-27T00:00:00.000Z,ACTIVE,DOW 2019,86732240.9252854,58421.9896360579,,
98,427,9004,0133183,HIGHLAND TURNER ELE SCH,STREAM,1,59028.978,1667.622,674.887,2.605,2004-09-27T00:00:00.000Z,2004-09-27T00:00:00.000Z,INACTIVE,DOW 2019,72631616.3221772,59028.9780773354,,
99,277,0772,0070353,PINEVILLE WATER SYSTEM,SMALL RESERVOIR,1,59256.542,2991.942,1210.839,4.673,2004-09-27T00:00:00.000Z,2004-09-27T00:00:00.000Z,ACTIVE,DOW 2019,130311083.859939,59256.5420469053,,
100,0,1609,0550209,JACKSON CO WATER ASSOCIATION,STREAM,1,59697.135152,2103.16387718,851.12022437,3.28619356,2019-01-16T00:00:00.000Z,2019-01-16T00:00:00.000Z,ACTIVE,DOW 2019,91613452.230416,59697.1352926393,,
101,270,0752,0950036,BOONEVILLE WATER AND SEWER,STREAM,1,59854.556,1564.738,633.249,2.444,2004-09-27T00:00:00.000Z,2004-09-27T00:00:00.000Z,ACTIVE,DOW 2019,68150605.7691272,59854.5552101886,,
102,51,0058,0710001,ADAIRVILLE WATER WORKS,STREAM,1,60173.979,1841.289,745.17,2.876,2019-01-23T00:00:00.000Z,2004-09-27T00:00:00.000Z,INACTIVE,DOW 2019,80195512.289173,60173.9785451134,,
103,80,0134,1140038,BOWLING GREEN MUN UTILITIES,STREAM,1,60349.139,1716.532,694.681,2.681,2019-02-08T00:00:00.000Z,2004-09-27T00:00:00.000Z,ACTIVE,DOW 2019,74761859.6846745,60349.1393437797,,
104,281,0781,0480028,BENHAM WATER PLANT,STREAM,1,60553.605,1656.067,670.21,2.587,2004-09-27T00:00:00.000Z,2004-09-27T00:00:00.000Z,ACTIVE,DOW 2019,72128332.1079071,60553.6063264763,,
105,0,1652,0860150,MONROE COUNTY WATER DISTRICT,STREAM,1,60682.5487476,2010.77519105,813.73184959,3.14183624,2019-01-31T00:00:00.000Z,2019-01-31T00:00:00.000Z,ACTIVE,DOW 2019,87589015.3171322,60682.5492806728,,
106,204,0622,0250473,WINCHESTER MUNICIPAL UTILITIES,SMALL RESERVOIR,1,61543.315,3221.131,1303.592,5.031,2004-09-27T00:00:00.000Z,2004-09-27T00:00:00.000Z,ACTIVE,DOW 2019,140293181.489343,61543.3177863454,,
107,356,1155,0500166,GREEN RIVER VALLEY WATER DIST,STREAM,1,61649.982,1571.639,636.042,2.455,2019-02-13T00:00:00.000Z,2004-09-27T00:00:00.000Z,ACTIVE,DOW 2019,68451181.2804072,61649.9818235129,,
108,347,1101,0710247,LEWISBURG WATER WORKS,SMALL RESERVOIR,1,62555.651,4294.068,1737.809,6.707,2019-01-23T00:00:00.000Z,2004-09-27T00:00:00.000Z,INACTIVE,DOW 2019,187023860.118621,62555.6510262535,,
109,359,1216,0480565,CAWOOD WATER DISTRICT,STREAM,1,62983.136,2068.872,837.272,3.232,2004-09-27T00:00:00.000Z,2004-09-27T00:00:00.000Z,ACTIVE,DOW 2019,90107646.9889072,62983.1361802493,,
110,330,1055,0240090,HWEA-CROFTON WATER DEPT,SMALL RESERVOIR,1,63208.355,3899.582,1578.161,6.091,2019-01-23T00:00:00.000Z,2004-09-27T00:00:00.000Z,INACTIVE,DOW 2019,169842428.543311,63208.3549129879,,
111,0,1539,0070729,BELL CO FORESTRY CAMP,SMALL RESERVOIR,1,64425.1960473,4212.15626192,1704.59916207,6.58149416,2019-01-16T00:00:00.000Z,2019-01-16T00:00:00.000Z,ACTIVE,DOW 2019,183480793.493083,64425.1962228144,,
112,198,0528,0992545,NATURAL BRIDGE STATE PARK,SMALL RESERVOIR,1,64524.862,3457.363,1399.195,5.4,2004-09-27T00:00:00.000Z,2004-09-27T00:00:00.000Z,INACTIVE,DOW 2019,150582002.130993,64524.8627671503,,
113,316,0946,0290271,CUMBERLAND CO WATER DISTRICT,STREAM,1,65242.31,1955.424,791.36,3.054,2004-09-27T00:00:00.000Z,2004-09-27T00:00:00.000Z,INACTIVE,DOW 2019,85166560.5759819,65242.3096902491,,
114,0,0467,0630238,LAUREL CO WATER DIST #2,SMALL RESERVOIR,1,65301.6082527,2620.53369077,1060.49235966,4.09458389,2019-01-14T00:00:00.000Z,2019-01-14T00:00:00.000Z,ACTIVE,DOW 2019,114149990.740251,65301.6085578961,,
115,217,0634,1180471,WILLIAMSBURG WATER DEPARTMENT,STREAM,1,66620.777,2787.122,1127.948,4.353,2019-01-16T00:00:00.000Z,2004-09-27T00:00:00.000Z,ACTIVE,DOW 2019,121390341.906492,66620.7775088541,,
116,393,1402,0880452,WEST LIBERTY WATER COMPANY,STREAM,1,66674.379,2295.091,928.823,3.585,2004-09-27T00:00:00.000Z,2004-09-27T00:00:00.000Z,ACTIVE,DOW 2019,99960415.4207542,66674.3792439016,,
117,185,0493,0470990,FORT KNOX / ENGR & HOUSING,STREAM,1,67067.2922176,2091.97043635,846.59039958,3.26870381,2004-09-27T00:00:00.000Z,2004-09-27T00:00:00.000Z,ACTIVE,DOW 2019,91125867.7026892,67067.2922176058,,
118,451,1572,0340250,KY AMERICAN WATER CO,STREAM,1,67308.363,1935.43,783.244,3.024,2013-08-15T00:00:00.000Z,2013-08-15T00:00:00.000Z,ACTIVE,DOW 2019,84307325.5050848,67308.36237112,,
119,182,0486,0410047,BULLOCK PEN WATER DISTRICT,SMALL RESERVOIR,1,68089.732,5111.509,2068.628,7.984,2004-09-27T00:00:00.000Z,2004-09-27T00:00:00.000Z,ACTIVE,DOW 2019,222626682.492858,68089.7319399307,,
120,303,0916,0770566,SALYERSVILLE MUNICIPAL WATER,STREAM,1,68230.002,2228.753,901.976,3.481,2004-09-27T00:00:00.000Z,2004-09-27T00:00:00.000Z,ACTIVE,DOW 2019,97071114.3440792,68230.0011799833,,
121,104,0217,0890071,CENTRAL CITY WATER/SEWER SYS,STREAM,1,69092.278,1957.403,792.161,3.057,2019-02-07T00:00:00.000Z,2004-09-27T00:00:00.000Z,ACTIVE,DOW 2019,85252723.0556302,69092.27810131,,
122,208,0625,0960126,FALMOUTH WATER DEPARTMENT,STREAM,1,69649.9,2072.184,838.613,3.237,2004-09-27T00:00:00.000Z,2004-09-27T00:00:00.000Z,ACTIVE,DOW 2019,90251932.9603263,69649.8996255446,,
123,407,1466,0990281,BEECH FORK WATER COMMISSION,STREAM,1,70898.688,2295.968,929.178,3.586,2004-09-27T00:00:00.000Z,2004-09-27T00:00:00.000Z,ACTIVE,DOW 2019,99998595.746257,70898.6881573376,,
124,145,0315,0220164,GRAYSON UTILITY COMMISSION,STREAM,1,71146.872377,2349.06058978,950.63109344,3.67040717,2004-09-27T00:00:00.000Z,2004-09-27T00:00:00.000Z,ACTIVE,DOW 2019,102324669.991043,71146.8723770539,,
125,290,0811,1100944,TODD CNTY WATER DISTRICT,SMALL RESERVOIR,1,72272.399,4938.838,1998.748,7.714,2019-01-23T00:00:00.000Z,2004-09-27T00:00:00.000Z,INACTIVE,DOW 2019,215106173.223556,72272.3977560742,,
126,2,0004,0900017,BARDSTOWN MUNICIPAL WATER DEPT,SMALL RESERVOIR,1,72338.6604396,5842.25561863,2364.27696716,9.12852441,2019-02-01T00:00:00.000Z,2004-09-27T00:00:00.000Z,ACTIVE,DOW 2019,254487636.800697,72338.6603336783,,
127,199,0546,0430063,CANEYVILLE MUN WATER WORKS,SMALL RESERVOIR,1,73126.173,5318.986,2152.594,8.308,2019-01-23T00:00:00.000Z,2004-09-27T00:00:00.000Z,INACTIVE,DOW 2019,231663160.17973,73126.1750256175,,
128,296,0863,0940337,OWENTON CITY WATER WORKS,STREAM,1,73129.181,2259.013,914.223,3.529,2019-01-07T00:00:00.000Z,2004-09-27T00:00:00.000Z,INACTIVE,DOW 2019,98389078.1678358,73129.1798516468,,
129,230,0641,0710378,CIMA/CITY OF RUSSELLVILLE,SMALL RESERVOIR,1,74258.373,5231.844,2117.327,8.172,2019-01-23T00:00:00.000Z,2004-09-27T00:00:00.000Z,INACTIVE,DOW 2019,227867756.066441,74258.371816837,,
130,25,0027,1090060,CAMPBELLSVILLE MUN WATER SYS,SMALL RESERVOIR,1,75117.139,4845.546,1960.992,7.569,2019-02-13T00:00:00.000Z,2004-09-27T00:00:00.000Z,ACTIVE,DOW 2019,211042938.55672,75117.1386159173,,
131,35,0039,0152087,JIM BEAM BRANDS CO,STREAM,1,75301.235,4972.554,2012.393,7.767,2004-09-27T00:00:00.000Z,2004-09-27T00:00:00.000Z,INACTIVE,DOW 2019,216574647.807,75301.2353805919,,
132,0,1657,0580340,PAINTSVILLE MUNICIPAL WATER WORKS,SMALL RESERVOIR,1,75312.6620819,4840.82706712,1959.01321063,7.56379229,2019-01-14T00:00:00.000Z,1899-12-30T00:00:00.000Z,ACTIVE,DOW 2019,210865584.486214,75312.6618936675,,
133,142,0310,0760370,RICHMOND WATER/GAS/SEWER WORKS,STREAM,1,75346.429,2204.193,892.037,3.443,2004-09-27T00:00:00.000Z,2004-09-27T00:00:00.000Z,ACTIVE,DOW 2019,96001435.1034219,75346.4295712165,,
134,0,1597,0690417,STANFORD WATER WORKS,SMALL RESERVOIR,1,75698.3103055,6074.88019228,2458.41679214,9.4920003,2019-02-27T00:00:00.000Z,2019-02-27T00:00:00.000Z,ACTIVE,DOW 2019,264620722.309925,75698.3101489502,,
135,92,0200,0340250,KENTUCKY-AMERICAN WATER CO,STREAM,1,76170.49,2521.881,1020.605,3.939,2004-09-27T00:00:00.000Z,2004-09-27T00:00:00.000Z,ACTIVE,DOW 2019,109838014.060882,76170.4901680215,,
136,278,0776,0360026,SOUTHERN WATER & SEWER DIST,STREAM,1,77035.2988864,2252.03375501,911.52,3.518,2004-09-27T00:00:00.000Z,2004-09-27T00:00:00.000Z,ACTIVE,DOW 2019,98098197.9743381,77035.2988864121,,
137,386,1333,0610016,BARBOURVILLE WATER & ELECTRIC,STREAM,1,78406.426,2472.7,1000.702,3.862,2004-09-27T00:00:00.000Z,2004-09-27T00:00:00.000Z,ACTIVE,DOW 2019,107696000.454834,78406.4252119755,,
138,260,0720,0860426,TOMPKINSVILLE WATER WORKS,SMALL RESERVOIR,1,78988.364,6091.808,2465.355,9.515,2019-02-08T00:00:00.000Z,2004-09-27T00:00:00.000Z,ACTIVE,DOW 2019,265322636.645683,78988.3643566016,,
139,95,0201,0340250,KENTUCKY-AMERICAN WATER CO,SMALL RESERVOIR,1,79013.596,5329.165,2156.713,8.324,2004-09-27T00:00:00.000Z,2004-09-27T00:00:00.000Z,ACTIVE,DOW 2019,232106497.176647,79013.5964731411,,
140,334,1060,0800273,MARTIN CO WATER DIST #1,STREAM,1,79529.4273703,2494.14016516,1009.34271457,3.89709401,2019-01-23T00:00:00.000Z,2004-09-27T00:00:00.000Z,ACTIVE,DOW 2019,108644312.103585,79529.4274132623,,
141,39,0045,0570010,WILMORE WATER WORKS,STREAM,1,80239.824,2346.85,949.77,3.666,2004-09-27T00:00:00.000Z,2004-09-27T00:00:00.000Z,ACTIVE,DOW 2019,102214733.883109,80239.8233092588,,
142,346,1078,0760030,BEREA COLLEGE WATER DEPARTMENT,SMALL RESERVOIR,1,80290.986,4568.022,1848.678,7.135,2004-09-27T00:00:00.000Z,2004-09-27T00:00:00.000Z,ACTIVE,DOW 2019,198955641.231999,80290.9854179724,,
143,192,0512,0920373,ROCKPORT WATER WORKS,STREAM,1,82002.103,2559.363,1035.774,3.998,2019-01-23T00:00:00.000Z,2004-09-27T00:00:00.000Z,INACTIVE,DOW 2019,111470499.470477,82002.1028910874,,
144,355,1147,0480262,LYNCH WATER WORKS,SMALL RESERVOIR,1,82094.41,8076.39,3268.515,12.615,2004-09-27T00:00:00.000Z,2004-09-27T00:00:00.000Z,ACTIVE,DOW 2019,351759126.691892,82094.4088930469,,
145,396,1420,0670462,BLACKEY WATER SYSTEM,STREAM,1,83121.233,2668.437,1079.916,4.168,2004-09-27T00:00:00.000Z,2004-09-27T00:00:00.000Z,INACTIVE,DOW 2019,116221126.610371,83121.2330969946,,
146,0,0113,0510188,HENDERSON MUN WATER/SWR UTIL,STREAM,1,83995.0293993,3259.67356162,1319.14308878,5.09323994,2019-02-21T00:00:00.000Z,2019-02-21T00:00:00.000Z,ACTIVE,DOW 2019,141986020.278299,83993.9325268632,,
147,177,0474,0650024,BEATTYVILLE WATER WORKS,STREAM,1,84766.678,2550.765,1032.295,3.984,2004-09-27T00:00:00.000Z,2004-09-27T00:00:00.000Z,ACTIVE,DOW 2019,111096058.294907,84766.6778678003,,
148,165,0403,0920332,OHIO COUNTY WATER DISTRICT,STREAM,1,84855.282,2568.504,1039.474,4.012,2019-02-08T00:00:00.000Z,2004-09-27T00:00:00.000Z,ACTIVE,DOW 2019,111868661.221769,84855.2826118628,,
149,0,1550,0831010,CAVE RUN WATER COMMISSION,SNALL RESERVOIR,1,85265.2207936,2484.80387599,1005.56445239,3.88250606,2019-02-11T00:00:00.000Z,1899-12-30T00:00:00.000Z,ACTIVE,DOW 2019,108237622.596615,85265.2205039551,,
150,189,0501,0290049,BURKESVILLE WATER WORKS,STREAM,1,87418.486,2666.809,1079.257,4.166,2004-09-27T00:00:00.000Z,2004-09-27T00:00:00.000Z,ACTIVE,DOW 2019,116150207.01135,87418.4863868422,,
151,45,0050,0570315,NICHOLASVILLE WATER DEPARTMENT,STREAM,1,88810.905,2798.104,1132.393,4.371,2004-09-27T00:00:00.000Z,2004-09-27T00:00:00.000Z,ACTIVE,DOW 2019,121868631.80889,88810.9058650541,,
152,174,0469,1050157,GEORGETOWN MUN WATER SERVICE,STREAM,1,90076.494,2969.656,1201.82,4.639,2019-01-07T00:00:00.000Z,2004-09-27T00:00:00.000Z,INACTIVE,DOW 2019,129340439.223857,90076.4947525429,,
153,211,0626,0360358,PRESTONSBURG WATER COMPANY,STREAM,1,92051.9343295,2755.08260481,1115.131,4.304,2004-09-27T00:00:00.000Z,2004-09-27T00:00:00.000Z,ACTIVE,DOW 2019,120010918.220608,92051.9343294352,,
154,248,0681,0310114,EDMONSON CO WATER DISTRICT,STREAM,1,92218.579,2971.801,1202.688,4.642,2019-02-08T00:00:00.000Z,2004-09-27T00:00:00.000Z,ACTIVE,DOW 2019,129433832.352522,92218.5803985817,,
155,139,0284,0640257,LOUISA WATER DEPARTMENT,STREAM,1,96094.0262082,4165.49769695,1685.71711074,6.50859015,2019-01-25T00:00:00.000Z,2004-09-27T00:00:00.000Z,ACTIVE,DOW 2019,181448353.883745,96094.0262081426,,
156,362,1217,0260737,MANCHESTER WATER WORKS,STREAM,1,97564.132,2944.141,1191.494,4.599,2004-09-27T00:00:00.000Z,2004-09-27T00:00:00.000Z,ACTIVE,DOW 2019,128229137.227571,97564.1303634598,,
157,162,0388,1030480,MOREHEAD STATE UNIVERSITY,STREAM,1,98506.4451719,2992.54238683,1211.03893774,4.67584748,2019-02-06T00:00:00.000Z,2004-09-27T00:00:00.000Z,ACTIVE,DOW 2019,130354625.337668,98506.4451571443,,
158,445,0263,1130293,MORGANFIELD WATER WORKS,STREAM,1,97963.5857532,2884.75419012,1167.41860213,4.50742842,2019-01-11T00:00:00.000Z,2019-01-11T00:00:00.000Z,ACTIVE,DOW 2019,127172221.163203,98598.6822966297,,
159,125,0258,1200439,VERSAILLES WATER SYSTEM,STREAM,1,98971.36,3105.722,1256.886,4.851,2004-09-27T00:00:00.000Z,2004-09-27T00:00:00.000Z,ACTIVE,DOW 2019,135266632.387771,98971.358723651,,
160,19,0024,0370143,FRANKFORT ELEC/WATER PLANT BD,STREAM,1,99002.065,3019.426,1221.962,4.716,2004-09-27T00:00:00.000Z,2004-09-27T00:00:00.000Z,ACTIVE,DOW 2019,131508105.848794,99002.0642270361,,
161,113,0234,0160052,BUTLER COUNTY WATER SYSTEM INC,STREAM,1,99073.86,3158.601,1278.286,4.934,2019-01-23T00:00:00.000Z,2004-09-27T00:00:00.000Z,INACTIVE,DOW 2019,137569724.69606,99073.8588264968,,
162,338,1062,FALSE01,"CITY OF LAFAYETTE, TN",STREAM,1,99972.361,3569.109,1444.418,5.575,2004-09-27T00:00:00.000Z,2004-09-27T00:00:00.000Z,ACTIVE,DOW 2019,155448977.467153,99972.3609192344,,
163,0,0191,0870298,MT STERLING WATER WORKS,SMALL RESERVOIR,1,100648.918105,3281.5613648,1328.00076846,5.12743963,2019-02-07T00:00:00.000Z,1899-12-30T00:00:00.000Z,ACTIVE,DOW 2019,142944240.30017,100648.917221706,,
164,324,1039,0350134,FLEMINGSBURG UTILITY SYSTEM,STREAM,1,100814.53352,3269.83215445,1323.25412544,5.10911274,2019-02-06T00:00:00.000Z,2004-09-27T00:00:00.000Z,ACTIVE,DOW 2019,142433318.745387,100814.533604248,,
165,371,1271,0160052,BUTLER COUNTY WATER SYSTEM INC,STREAM,1,100981.797,3509.083,1420.126,5.481,2019-02-08T00:00:00.000Z,2004-09-27T00:00:00.000Z,ACTIVE,DOW 2019,152834617.252233,100981.797424726,,
166,148,0320,0750055,CALHOUN WATER WORKS,STREAM,1,103118.989,3005.708,1216.41,4.695,2004-09-27T00:00:00.000Z,2004-09-27T00:00:00.000Z,ACTIVE,DOW 2019,130910622.233059,103118.988484729,,
167,399,1433,1170995,WEBSTER CO WATER DISTRICT,STREAM,1,103391.475,3244.04,1312.863,5.067,2019-02-08T00:00:00.000Z,2004-09-27T00:00:00.000Z,ACTIVE,DOW 2019,141290924.561007,103391.474220046,,
168,61,0076,0090343,PARIS WATER WORKS,STREAM,1,103788.481,3360.113,1359.838,5.248,2004-09-27T00:00:00.000Z,2004-09-27T00:00:00.000Z,ACTIVE,DOW 2019,146346392.393526,103788.480539663,,
169,84,0163,0130208,JACKSON MUNICIPAL WATER WORKS,STREAM,1,103914.399,3472.952,1405.503,5.425,2004-09-27T00:00:00.000Z,2004-09-27T00:00:00.000Z,ACTIVE,DOW 2019,151260954.887276,103914.400790159,,
170,380,1322,1182561,CUMBERLAND FALLS STATE PARK,STREAM,1,105147.186,3247.948,1314.445,5.073,2019-01-16T00:00:00.000Z,2004-09-27T00:00:00.000Z,INACTIVE,DOW 2019,141461155.54516,105147.185319696,,
171,331,1059,0220335,OLIVE HILL MUN WATER WORKS,STREAM,1,107094.546478,3344.036,1353.331,5.223,2004-09-27T00:00:00.000Z,2004-09-27T00:00:00.000Z,ACTIVE,DOW 2019,145646178.632426,107094.546478443,,
172,264,0748,0910675,WESTERN FLEMING WATER DISTRICT,STREAM,1,108436.799,3440.995,1392.571,5.375,2004-09-27T00:00:00.000Z,2004-09-27T00:00:00.000Z,ACTIVE,DOW 2019,149869140.18474,108436.800895413,,
173,64,0092,0750252,LIVERMORE WATER WORKS,STREAM,1,110304.326,3811.827,1542.647,5.954,2019-01-23T00:00:00.000Z,2004-09-27T00:00:00.000Z,INACTIVE,DOW 2019,166020361.902576,110304.3261288,,
174,107,0229,0030239,LAWRENCEBURG WATER/SEWER DEPT,STREAM,1,110378.31,3441.766,1392.883,5.376,2004-09-27T00:00:00.000Z,2004-09-27T00:00:00.000Z,ACTIVE,DOW 2019,149902681.226338,110378.310373047,,
175,87,0174,0620200,HODGENVILLE WATER WORKS,STREAM,1,110570.182,3525.498,1426.769,5.507,2019-02-13T00:00:00.000Z,2004-09-27T00:00:00.000Z,ACTIVE,DOW 2019,153549558.488198,110570.181040443,,
176,413,1494,0220555,RATTLESNAKE RIDGE WATER DIST,LARGE RESERVOIR,1,112853.301879,3681.01741053,1489.65489488,5.7515897,2019-01-14T00:00:00.000Z,2004-09-27T00:00:00.000Z,ACTIVE,DOW 2019,160344474.878035,112853.302074085,,
177,0,0822,0540958,DAWSON SPRINGS WTR/SWR SYSTEM,SMALL RESERVOIR,1,114252.804969,6177.8695159,2500.09509272,9.65292112,2019-02-07T00:00:00.000Z,2019-02-07T00:00:00.000Z,ACTIVE,DOW 2019,269103315.998394,114252.14433293,,
178,439,0098,0730533,PADUCAH WATER WORKS,STREAM,1,115859.250781,4689.61022271,1897.81792483,7.32751597,2019-01-09T00:00:00.000Z,2004-09-27T00:00:00.000Z,ACTIVE,DOW 2019,204277245.299198,115858.988748936,,
179,110,0230,0780241,LEBANON WATER WORKS CO INC,STREAM,1,118496.861087,3655.05826951,1479.14960322,5.71102855,2019-01-28T00:00:00.000Z,2004-09-27T00:00:00.000Z,ACTIVE,DOW 2019,159213701.466943,118496.861147757,,
180,377,1312,0480125,EVARTS MUNICIPAL WATER PLANT,STREAM,1,119682.492,3673.232,1486.557,5.738,2004-09-27T00:00:00.000Z,2004-09-27T00:00:00.000Z,ACTIVE,DOW 2019,159983977.741674,119682.491339811,,
181,310,0932,0700532,CRITTENDEN-LIVINGSTON CO WD,STREAM,1,119740.889,4150.893,1679.866,6.484,2004-09-27T00:00:00.000Z,2004-09-27T00:00:00.000Z,ACTIVE,DOW 2019,180788025.095417,119740.887679574,,
182,159,0356,1020299,MT VERNON WATER WORKS,SMALL RESERVOIR,1,122743.22,9742.794,3942.909,15.218,2004-09-27T00:00:00.000Z,2004-09-27T00:00:00.000Z,ACTIVE,DOW 2019,424337708.938009,122743.218905846,,
183,119,0251,0240201,HOPKINSVILLE WATER ENV AUTH,STREAM,1,123071.87,3866.358,1564.715,6.039,2004-09-27T00:00:00.000Z,2004-09-27T00:00:00.000Z,ACTIVE,DOW 2019,168395385.246462,123071.871868263,,
184,128,0264,0840180,HARRODSBURG MUN WATER DEPT,STREAM,1,124280.272,3760.164,1521.738,5.873,2004-09-27T00:00:00.000Z,2004-09-27T00:00:00.000Z,ACTIVE,DOW 2019,163770200.575695,124280.27277752,,
185,7,0013,0400233,LANCASTER WATER WORKS,STREAM,1,124519.861,4009.748,1622.745,6.263,2004-09-27T00:00:00.000Z,2004-09-27T00:00:00.000Z,ACTIVE,DOW 2019,174640601.189617,124519.860100201,,
186,4,0012,0160294,MORGANTOWN WATER SYSTEM,STREAM,1,124791.33,4058.787,1642.591,6.34,2019-02-08T00:00:00.000Z,2004-09-27T00:00:00.000Z,ACTIVE,DOW 2019,176776447.00904,124791.330247682,,
187,242,0659,0512406,"ALCAN INGOT, SEBREE ALUM PLANT",STREAM,1,124805.211,3776.772,1528.46,5.899,2004-09-27T00:00:00.000Z,2004-09-27T00:00:00.000Z,ACTIVE,DOW 2019,164493568.237209,124805.21245553,,
188,292,0828,0540936,MADISONVILLE LIGHT/WATER,STREAM,1,125581.862,4187.514,1694.687,6.541,2004-09-27T00:00:00.000Z,2004-09-27T00:00:00.000Z,ACTIVE,DOW 2019,182383024.916673,125581.86172551,,
189,168,0410,0960051,BUTLER WATER WORKS,STREAM,1,126703.599,5108.816,2067.538,7.98,2004-09-27T00:00:00.000Z,2004-09-27T00:00:00.000Z,INACTIVE,DOW 2019,222509402.244999,126703.598735433,,
190,273,0753,0630477,WOOD CREEK WATER DISTRICT,SMALL RESERVOIR,1,127964.776,11548.134,4673.53,18.038,2004-09-27T00:00:00.000Z,2004-09-27T00:00:00.000Z,ACTIVE,DOW 2019,502967527.97966,127964.775946536,,
191,205,0623,0250473,WINCHESTER MUNICIPAL UTILITIES,STREAM,1,128706.866,4015.779,1625.186,6.273,2004-09-27T00:00:00.000Z,2004-09-27T00:00:00.000Z,ACTIVE,DOW 2019,174903273.079625,128706.867190568,,
192,327,1040,0910065,CARLISLE WATER DEPARTMENT,STREAM,1,130384.939,4251.346,1720.52,6.641,2004-09-27T00:00:00.000Z,2004-09-27T00:00:00.000Z,ACTIVE,DOW 2019,185163131.933554,130384.938551168,,
193,313,0941,0980575,MOUNTAIN WATER DISTRICT,STREAM,1,131888.128161,3910.83309363,1582.65800219,6.11067671,2019-01-22T00:00:00.000Z,2004-09-27T00:00:00.000Z,ACTIVE,DOW 2019,170355207.48483,131888.127008928,,
194,74,0126,0590220,NORTHERN KY WATER DIST,STREAM,1,131899.504322,4342.05359294,1757.1667469,6.78445874,2004-09-27T00:00:00.000Z,2004-09-27T00:00:00.000Z,ACTIVE,DOW 2019,189139097.949727,131899.504322162,,
195,1,0001,1060394,SHELBYVILLE WATER/SEWER COMM,SMALL RESERVOIR,1,132706.242717,19105.1621952,7731.58483306,29.85181593,2019-02-01T00:00:00.000Z,2004-09-27T00:00:00.000Z,ACTIVE,DOW 2019,832217536.409359,132706.242716216,,
196,437,0796,1130422,STURGIS WATER WORKS,STREAM,1,137674.022394,7512.963942,3040.388638,11.73900616,2019-01-16T00:00:00.000Z,2004-09-27T00:00:00.000Z,ACTIVE,DOW 2019,327263400.30007,137674.023736966,,
197,349,1118,0240201,HOPKINSVILLE WATER ENV AUTH,STREAM,1,140323.171,4382.951,1773.78,6.846,2004-09-27T00:00:00.000Z,2004-09-27T00:00:00.000Z,ACTIVE,DOW 2019,190895092.630872,140323.172913034,,
198,300,0882,0330205,IRVINE MUNICIPAL UTILITIES,STREAM,1,151556.453,4991.622,2020.11,7.797,2004-09-27T00:00:00.000Z,2004-09-27T00:00:00.000Z,ACTIVE,DOW 2019,217405147.885631,151556.452432086,,
199,223,0638,0980350,PIKEVILLE WATER DEPARTMENT,STREAM,1,157070.75795,5362.7915041,2170.24472404,8.37936173,2019-01-22T00:00:00.000Z,2004-09-27T00:00:00.000Z,ACTIVE,DOW 2019,233602263.846889,157070.757354482,,
200,69,0124,0270003,ALBANY WATER WORKS,STREAM,1,164570.299252,5191.04475452,2100.74128038,8.11100743,2019-01-28T00:00:00.000Z,2004-09-27T00:00:00.000Z,ACTIVE,DOW 2019,226121005.374754,164570.298830017,,
201,416,1495,0740276,MCCREARY COUNTY WATER DIST,LARGE RESERVOIR,1,177540.541,3957.031,1601.41,6.181,2019-01-16T00:00:00.000Z,2004-09-27T00:00:00.000Z,ACTIVE,DOW 2019,172344557.760762,177540.540880484,,
202,172,0440,0820641,DOE VALLEY UTILITIES INC,SMALL RESERVOIR,1,278129.377,32059.869,12974.629,50.078,2004-09-27T00:00:00.000Z,2004-09-27T00:00:00.000Z,INACTIVE,DOW 2019,1396335757.80204,278129.377996047,,
203,435,0043,0810275,MAYSVILLE UTILITY COMMISSION,STREAM,1,589920.368,22247.327,9003.21,34.761,2007-11-09T00:00:00.000Z,2004-09-27T00:00:00.000Z,ACTIVE,DOW 2019,969093556.368087,589920.367440438,,
204,447,0176,0590220,NORTHERN KY WATER DIST,STREAM,1,823997.131,30674.381,12413.531,47.929,2008-01-15T00:00:00.000Z,2004-09-27T00:00:00.000Z,ACTIVE,DOW 2019,1336176015.35131,823997.134686737,,
205,449,0086,0190313,NORTHERN KY WATER DIST - NEWPORT PLANT,STREAM,1,823997.131,30674.381,12413.531,47.929,2008-01-15T00:00:00.000Z,2004-09-27T00:00:00.000Z,ACTIVE,DOW 2019,1336176015.35131,823997.134686737,,
206,67,0100,0560258,LOUISVILLE WATER COMPANY,STREAM,1,860036.503,27952.661,11312.442,43.662,2004-09-27T00:00:00.000Z,2004-09-27T00:00:00.000Z,ACTIVE,DOW 2019,1217450400.12569,860036.498398446,,
207,445,0900,0732457,US ENRICHMENT CORP,STREAM,1,908447.812,38832.061,15714.84,60.675,2008-01-15T00:00:00.000Z,2004-09-27T00:00:00.000Z,ACTIVE,DOW 2019,1691524585.6876,908447.810896902,,
208,55,0071,0100011,ASHLAND WATER WORKS,STREAM,1,1179234.311,42831.641,17333.965,66.903,2004-09-27T00:00:00.000Z,2004-09-27T00:00:00.000Z,ACTIVE,DOW 2019,1865489605.89512,1179234.31247647,,
209,136,0269,0450376,RUSSELL WATER COMPANY,STREAM,1,1179234.311,42831.641,17333.965,66.903,2004-09-27T00:00:00.000Z,2004-09-27T00:00:00.000Z,ACTIVE,DOW 2019,1865489605.89512,1179234.31247647,,
